source,id,publisher,city,borough,year,start_page,end_page,column_count,sample_page,key_page,page_offset,holding_institution,title,notes
nypl,b14662b0-81a8-0134-2a18-00505686a51c,Franks/Kollock,New York,Manhattan,1786,20,52,1,40,,8,NYPL,The New-York directory,
nypl,7764cfe0-81aa-0134-faa5-00505686a51c,Hodge/Allen,New York,Manhattan,1789,5,100,1,6,,,NYPL,New York City directory,
nypl,614e2e50-81ad-0134-e971-00505686a51c,Hodge/Allen,New York,Manhattan,1790,5,113,1,7,,,NYPL,New York City directory,
nypl,f554e950-81ae-0134-b4cf-00505686a51c,Duncan/Greenleaf,New York,Manhattan,1791,1,146,1,4,,,NYPL,New York City directory,
nypl,1cd14160-8431-0134-6a12-00505686a51c,Duncan/McComb,New York,Manhattan,1794,1,210,1,6,,,NYPL,"New York City directory, 1794, copy 2",
nypl,2dfca400-81bd-0134-7dee-00505686a51c,Low/Buell/Bull,New York,Manhattan,1796,1,216,1,4,,,NYPL,New York City directory,
nypl,9c27dfc0-81bf-0134-3140-00505686a51c,Longworth,New York,Manhattan,1797,107,340,1,236,,19,NYPL,"New York City directory, 1797, copy 1","offset +19 constant (c164=p.145, c281=p.262); 1 col; visually sampled 2026-06-19"
nypl,396a2d00-8433-0134-0db6-00505686a51c,Longworth,New York,Manhattan,1801,105,320,1,106,,,NYPL,"New York City directory, 1801",
nypl,33f67330-5daf-0134-9838-00505686a51c,Doggett's,New York,Manhattan,1847/48,27,480,2,479,,,NYPL,"New York City directory, 1847-1848",
nypl,4ad95a70-317a-0134-d1af-00505686a51c,Doggett's,New York,Manhattan,1849/50,21,468,2,22,,,NYPL,"New York City directory, 1849-1850",
nypl,4adf9ec0-317a-0134-03ad-00505686a51c,Doggett's,New York,Manhattan,1850/51,21,560,2,60,,,NYPL,"New York City directory, 1850-1851",
nypl,4ae3cb40-317a-0134-489d-00505686a51c,Doggett's,New York,Manhattan,1851/52,21,590,2,59,,,NYPL,"New York City directory, 1851-1852",
nypl,4ae76b60-317a-0134-b849-00505686a51c,Trow/Wilson,New York,Manhattan,1852/53,21,673,2,36,,,NYPL,"New York City directory, 1852-1853",
nypl,4aea8af0-317a-0134-2393-00505686a51c,Trow/Wilson,New York,Manhattan,1853/54,21,764,2,41,,,NYPL,"New York City directory, 1853-1854",
nypl,4aed8a80-317a-0134-28a4-00505686a51c,Trow/Wilson,New York,Manhattan,1854/55,21,817,2,22,,,NYPL,"New York City directory, 1854-1855",
nypl,4af0c6f0-317a-0134-e90c-00505686a51c,Trow/Wilson,New York,Manhattan,1855/56,21,907,2,30,,,NYPL,"New York City directory, 1855-1856",
nypl,4af3b880-317a-0134-bda8-00505686a51c,Trow/Wilson,New York,Manhattan,1856/57,21,911,2,35,,,NYPL,"New York City directory, 1856-1857",
nypl,4af6a690-317a-0134-5947-00505686a51c,Trow/Wilson,New York,Manhattan,1857/58,21,916,2,60,,,NYPL,"New York City directory, 1857-1858",
nypl,4afa0510-317a-0134-cf84-00505686a51c,Trow/Wilson,New York,Manhattan,1858/59,21,885,2,41,,,NYPL,"New York City directory, 1858-1859",
nypl,4afd6280-317a-0134-575a-00505686a51c,Trow/Wilson,New York,Manhattan,1859/60,21,937,2,39,,,NYPL,"New York City directory, 1859-1860",
nypl,4b00bf60-317a-0134-32d0-00505686a51c,Trow/Wilson,New York,Manhattan,1860/61,21,946,2,31,,,NYPL,"New York City directory, 1860-1861",
nypl,4b0419c0-317a-0134-7464-00505686a51c,Trow/Wilson,New York,Manhattan,1861/62,21,941,2,27,,,NYPL,"New York City directory, 1861-1862",
nypl,4b073d20-317a-0134-af68-00505686a51c,Trow/Wilson,New York,Manhattan,1862/63,24,969,2,26,,,NYPL,"New York City directory, 1862-1863",
nypl,4b0aa870-317a-0134-712b-00505686a51c,Trow/Wilson,New York,Manhattan,1863/64,20,847,2,69,,,NYPL,"New York City directory, 1863-1864",
nypl,4b0e13f0-317a-0134-6578-00505686a51c,Trow/Wilson,New York,Manhattan,1864/65,22,999,2,51,,,NYPL,"New York City directory, 1864-1865",
nypl,4b119360-317a-0134-9131-00505686a51c,Trow/Wilson,New York,Manhattan,1865/66,24,1078,2,44,,,NYPL,"New York City directory, 1865-1866",
nypl,4b154340-317a-0134-afd3-00505686a51c,Trow/Wilson,New York,Manhattan,1866/67,21,1119,2,29,,,NYPL,"New York City directory, 1866-1867",
nypl,4b18f080-317a-0134-fded-00505686a51c,Trow/Wilson,New York,Manhattan,1867/68,23,1141,2,884,,,NYPL,"New York City directory, 1867-1868",
nypl,4b336e60-317a-0134-1e9b-00505686a51c,Trow/Wilson,New York,Manhattan,1868/69,21,1194,2,91,,,NYPL,"New York City directory, 1868-1869",
nypl,4b36edd0-317a-0134-eedc-00505686a51c,Trow/Wilson,New York,Manhattan,1869/70,24,1263,2,55,,,NYPL,"New York City directory, 1869-1870",
nypl,4b3a14d0-317a-0134-011c-00505686a51c,Trow/Wilson,New York,Manhattan,1870/71,21,1337,2,1321,,,NYPL,"New York City directory, 1870-1871",
nypl,4b3d0590-317a-0134-1631-00505686a51c,Trow/Wilson,New York,Manhattan,1871/72,21,1268,2,56,,,NYPL,"New York City directory, 1871-1872",
nypl,4b4009d0-317a-0134-949b-00505686a51c,Trow/Wilson,New York,Manhattan,1872/73,21,1329,2,1312,,,NYPL,"New York City directory, 1872-1873",
nypl,4b437600-317a-0134-6db3-00505686a51c,Trow/Wilson,New York,Manhattan,1873/74,21,1435,2,718,,,NYPL,"New York City directory, 1873-1874",
nypl,4b47b740-317a-0134-ad0b-00505686a51c,Trow/Wilson,New York,Manhattan,1874/75,18,1440,2,333,,,NYPL,"New York City directory, 1874-1875",
nypl,4b4b2b90-317a-0134-6800-00505686a51c,Trow,New York,Manhattan,1875/76,27,1542,2,21,,,NYPL,"New York City directory, 1875-1876",
nypl,4b4e8300-317a-0134-fb8c-00505686a51c,Trow,New York,Manhattan,1876/77,30,1532,2,18,,,NYPL,"New York City directory, 1876-1877",
nypl,4b51d420-317a-0134-aa50-00505686a51c,Trow/Wilson,New York,Manhattan,1877/78,26,1586,2,21,,,NYPL,"New York City directory, 1877-1878",
nypl,4b5532f0-317a-0134-52ca-00505686a51c,Trow/Wilson,New York,Manhattan,1878/79,17,1609,2,22,,,NYPL,"New York City directory, 1878-1879",
nypl,4b58d200-317a-0134-d2aa-00505686a51c,Trow/Wilson,New York,Manhattan,1879/80,17,1657,2,47,,,NYPL,"New York City directory, 1879-1880",
nypl,4b5c40e0-317a-0134-e9c9-00505686a51c,Trow/Wilson,New York,Manhattan,1880/81,17,1702,2,21,,,NYPL,"New York City directory, 1880-1881",
nypl,4b5ff0e0-317a-0134-7e27-00505686a51c,Trow,New York,Manhattan,1881/82,17,1780,2,38,,,NYPL,"New York City directory, 1881-1882",
nypl,4b63a460-317a-0134-d3bd-00505686a51c,Trow,New York,Manhattan,1882/83,16,1829,2,53,,,NYPL,"New York City directory, 1882-1883",
nypl,4b66b460-317a-0134-8cb2-00505686a51c,Trow,New York,Manhattan,1883/84,17,1853,2,78,,,NYPL,"New York City directory, 1883-1884",
nypl,4b69a410-317a-0134-a570-00505686a51c,Trow,New York,Manhattan,1884/85,17,1940,2,36,,,NYPL,"New York City directory, 1884-1885",
nypl,4b6c95d0-317a-0134-f4e4-00505686a51c,Trow,New York,Manhattan,1885/86,17,2121,2,881,,,NYPL,"New York City directory, 1885-1886",
nypl,4b6f8210-317a-0134-ff86-00505686a51c,Trow,New York,Manhattan,1886/87,17,2166,2,1671,,,NYPL,"New York City directory, 1886-1887",
nypl,4b728f10-317a-0134-8c07-00505686a51c,Trow,New York,Manhattan,1887/88,17,2175,2,26,,,NYPL,"New York City directory, 1887-1888",
nypl,4b8e3f70-317a-0134-721a-00505686a51c,Trow,New York,Manhattan,1888/89,17,2191,2,64,,,NYPL,"New York City directory, 1888-1889",
nypl,4b939190-317a-0134-d1d5-00505686a51c,Trow,New York,Manhattan,1889/90,17,2191,2,1334,,,NYPL,"New York City directory, 1889-1890",
nypl,4b984650-317a-0134-f64d-00505686a51c,Trow,New York,Manhattan,1890/91,17,1400,3,50,15,-1,NYPL,"New York City directory, 1890-1891",
nypl,4b9caf50-317a-0134-2819-00505686a51c,Trow,New York,Manhattan,1891/92,17,1511,3,26,,,NYPL,"New York City directory, 1891-1892",
nypl,4ba0b0d0-317a-0134-fd44-00505686a51c,Trow,New York,Manhattan,1892/93,17,1570,3,29,,,NYPL,"New York City directory, 1892-1893",
nypl,4ba499d0-317a-0134-f240-00505686a51c,Trow,New York,Manhattan,1893/94,17,1546,3,23,,,NYPL,"New York City directory, 1893-1894",
nypl,4ba86fd0-317a-0134-2168-00505686a51c,Trow,New York,Manhattan,1894/95,17,1542,3,24,,,NYPL,"New York City directory, 1894-1895",
nypl,4bad7270-317a-0134-7104-00505686a51c,Trow,New York,Manhattan,1895/96,17,1588,3,26,,,NYPL,"New York City directory, 1895-1896",
nypl,4bb17a60-317a-0134-4347-00505686a51c,Trow,New York,Manhattan,1896/97,17,1602,3,21,,,NYPL,"New York City directory, 1896-1897",
nypl,4bb52700-317a-0134-6825-00505686a51c,Trow,New York,Manhattan,1897/98,17,1439,3,24,,,NYPL,"New York City directory, 1897-1898",
nypl,,Trow,New York,Manhattan,1898/99,,,,,,,NYPL,,
nypl,4bb82070-317a-0134-f978-00505686a51c,Trow,New York,Manhattan,1899/00,17,1407,3,23,,,NYPL,"New York City directory, 1899-1900",
nypl,4bbb2710-317a-0134-c685-00505686a51c,Trow,New York,Manhattan,1900/01,17,1423,3,118,,,NYPL,"New York City directory, 1900-1901",
nypl,4bbe4400-317a-0134-a4bf-00505686a51c,Trow,New York,Manhattan,1901/02,17,1499,3,21,,,NYPL,"New York City directory, 1901-1902",
nypl,4bc19ad0-317a-0134-502b-00505686a51c,Trow,New York,Manhattan,1902/03,17,1555,3,23,,,NYPL,"New York City directory, 1902-1903",
nypl,4bc4d9e0-317a-0134-5d2d-00505686a51c,Trow,New York,Manhattan,1903/04,17,1418,3,26,,,NYPL,"New York City directory, 1903-1904",
nypl,4bc7db80-317a-0134-c859-00505686a51c,Trow,New York,Manhattan,1904/05,17,1500,3,22,,,NYPL,"New York City directory, 1904-1905",
nypl,4bcaca10-317a-0134-7c7e-00505686a51c,Trow,New York,Manhattan,1905/06,17,1580,3,32,,,NYPL,"New York City directory, 1905-1906",
nypl,4bcdb5d0-317a-0134-3cd0-00505686a51c,Trow,New York,Manhattan,1906/07,17,1679,3,22,,,NYPL,"New York City directory, 1906-1907",
nypl,4bd0ba90-317a-0134-ad5e-00505686a51c,Trow,New York,Manhattan,1907/08,17,1844,3,24,,,NYPL,"New York City directory, 1907-1908",
nypl,4bd398b0-317a-0134-086f-00505686a51c,Trow,New York,Manhattan,1908/09,17,1609,3,30,,,NYPL,"New York City directory, 1908-1909",
nypl,4bd67790-317a-0134-404c-00505686a51c,Trow,New York,Manhattan,1909/10,17,1628,3,38,,,NYPL,"New York City directory, 1909-1910",
nypl,4bf06f90-317a-0134-0a99-00505686a51c,Trow,New York,Manhattan,1910/11,17,1648,3,39,,,NYPL,"New York City directory, 1910-1911",
nypl,4bf44f30-317a-0134-fb14-00505686a51c,Trow,New York,Manhattan,1911/12,17,1789,3,71,,,NYPL,"New York City directory, 1911-1912",
nypl,4bf86fa0-317a-0134-ad91-00505686a51c,Trow,New York,Manhattan,1912/13,17,1738,3,33,,,NYPL,"New York City directory, 1912-1913",
nypl,4bfc3730-317a-0134-db31-00505686a51c,Trow,New York,Manhattan,1913/14,17,1403,4,70,,,NYPL,"New York City directory, 1913-1914",
nypl,4bff59f0-317a-0134-1775-00505686a51c,Polk,New York,Manhattan,1915-pt1,201,1328,5,239,,,NYPL,"New York City directory, 1915, part 1",
nypl,4c027d50-317a-0134-c02c-00505686a51c,Polk,New York,Manhattan,1915-pt2,1329,1996,5,1334,,,NYPL,"New York City directory, 1915, part 2",
nypl,4c058b30-317a-0134-8813-00505686a51c,Polk,New York,Manhattan,1916,151,1822B,5,158,,,NYPL,"New York City directory, 1916","Final page sequence is 1822, 1822A, 1822B"
nypl,4c08ab00-317a-0134-ec38-00505686a51c,Polk,New York,Manhattan,1917,229,2088,5,240,,,NYPL,"New York City directory, 1917",
nypl,4c0bac70-317a-0134-2361-00505686a51c,Polk,New York,Manhattan,1918,201,2047,5,228,,,NYPL,"New York City directory, 1918",
nypl,4c11d740-317a-0134-5877-00505686a51c,Polk/Trow,New York,Manhattan,1920/21,201,1955,5,280,,,NYPL,"New York City directory, 1920-1921",
nypl,4c14dd90-317a-0134-8f4d-00505686a51c,Polk,New York,Manhattan,1921/22,251,1894,5,427,,,NYPL,"New York City directory, 1922-1923",
nypl,d2f69040-81b0-0134-b74c-00505686a51c,Duncan,New York,Manhattan,1792,,,,,,,NYPL,"New York City directory, 1792",
nypl,18053ac0-81b2-0134-d9c8-00505686a51c,Duncan,New York,Manhattan,1793,,,,,,,NYPL,"New York City directory, 1793",
nypl,dc1b4800-81b3-0134-cf90-00505686a51c,Duncan/McComb,New York,Manhattan,1794,,,,,,,NYPL,"New York City directory, 1794, copy 1",
nypl,27e2abb0-81b7-0134-dafd-00505686a51c,Duncan,New York,Manhattan,1795,,,,,,,NYPL,"New York City directory, 1795",
nypl,368ba4c0-8432-0134-ff89-00505686a51c,Longworth,New York,Manhattan,1797,,,1,,,,NYPL,New York City directory,
nypl,648a0b80-8432-0134-6631-00505686a51c,Longworth,New York,Manhattan,1797,,,1,,,,NYPL,New York City directory,
nypl,6ac452c0-81c6-0134-69c6-00505686a51c,Longworth,New York,Manhattan,1798,,,1,,,,NYPL,"New York City directory, 1798",
nypl,acf65220-81d1-0134-1bca-00505686a51c,Longworth,New York,Manhattan,1799,,,1,,,,NYPL,"New York City directory, 1799",
nypl,e28a9180-81d4-0134-b707-00505686a51c,Longworth,New York,Manhattan,1800,,,1,,,,NYPL,"New York City directory, 1800",
nypl,4fc05840-5cec-0134-4691-00505686a51c,Longworth,New York,Manhattan,1801/02,,,1,,,,NYPL,"New York City directory, 1801-1802",
nypl,f735b210-5cec-0134-3ec5-00505686a51c,Longworth,New York,Manhattan,1802/03,,,1,,,,NYPL,"New York City directory, 1802-1803",
nypl,ba842610-5ced-0134-072b-00505686a51c,Longworth,New York,Manhattan,1803/04,,,1,,,,NYPL,"New York City directory, 1803-1804",
nypl,684b54e0-5cef-0134-8173-00505686a51c,Longworth,New York,Manhattan,1804/05,,,1,,,,NYPL,"New York City directory, 1804-1805",
nypl,4b3aef40-5cf0-0134-dcb8-00505686a51c,Longworth,New York,Manhattan,1805/06,,,1,,,,NYPL,"New York City directory, 1805-1806",
nypl,fb912130-5d7c-0134-65af-00505686a51c,Longworth,New York,Manhattan,1806/07,,,1,,,,NYPL,"New York City directory, 1806-1807",
nypl,6d30d120-5d7d-0134-1ff9-00505686a51c,Longworth,New York,Manhattan,1807/08,,,1,,,,NYPL,"New York City directory, 1807-1808",
nypl,f74d77e0-5d7d-0134-3aff-00505686a51c,Longworth,New York,Manhattan,1808/09,,,1,,,,NYPL,"New York City directory, 1808-1809",
nypl,3bb9f8d0-5d7e-0134-186c-00505686a51c,Longworth,New York,Manhattan,1809/10,,,1,,,,NYPL,"New York City directory, 1809-1810",
nypl,10728690-5d7f-0134-7c52-00505686a51c,Longworth,New York,Manhattan,1810/11,,,1,,,,NYPL,"New York City directory, 1810-1811",
nypl,7cd3acc0-5d7f-0134-12ab-00505686a51c,Elliot & Crissy,New York,Manhattan,1811,,,,,,,NYPL,"New York City directory, 1811",
nypl,4910d0e0-5d7f-0134-3001-00505686a51c,Longworth,New York,Manhattan,1811/12,,,1,,,,NYPL,"New York City directory, 1811-1812",
nypl,e9592bb0-5d82-0134-f2a6-00505686a51c,Elliot,New York,Manhattan,1812,,,,,,,NYPL,"New York City directory, 1812",
nypl,d0465f00-5d83-0134-f8fe-00505686a51c,Longworth,New York,Manhattan,1812/13,,,1,,,,NYPL,"New York City directory, 1812-1813",
nypl,0f85c9f0-5d84-0134-5a37-00505686a51c,Longworth,New York,Manhattan,1813/14,,,1,,,,NYPL,"New York City directory, 1813-1814",
nypl,6d811c30-5d84-0134-6f98-00505686a51c,Long,New York,Manhattan,1814,,,,,,,NYPL,"New York City directory, 1814",
nypl,7884b4a0-5d85-0134-0bfd-00505686a51c,Longworth,New York,Manhattan,1814/15,,,1,,,,NYPL,"New York City directory, 1814-1815",
nypl,bb77dcb0-5d85-0134-5559-00505686a51c,Longworth,New York,Manhattan,1815/16,,,1,,,,NYPL,"New York City directory, 1815-1816",
nypl,c7989ec0-5d87-0134-dd6c-00505686a51c,Longworth,New York,Manhattan,1816/17,,,1,,,,NYPL,"New York City directory, 1816-1817",
nypl,fd64cf90-5d87-0134-9061-00505686a51c,Longworth,New York,Manhattan,1817/18,,,1,,,,NYPL,"New York City directory, 1817-1818",
nypl,69fdfa80-5d88-0134-e574-00505686a51c,Longworth,New York,Manhattan,1818/19,,,1,,,,NYPL,"New York City directory, 1818-1819",
nypl,68454c90-5d89-0134-7379-00505686a51c,Longworth,New York,Manhattan,1819/20,,,1,,,,NYPL,"New York City directory, 1819-1820",
nypl,d0c00950-5d8a-0134-25dc-00505686a51c,Longworth,New York,Manhattan,1820/21,,,1,,,-5,NYPL,"New York City directory, 1820-1821","offset drifts -5->+7 (c151=p.156, c355=p.348); 1 col; visually sampled 2026-06-19"
nypl,76317cb0-5d8b-0134-b202-00505686a51c,Mercein,New York,Manhattan,1820/21,,,,,,,NYPL,"New York City directory, 1820-1821",
nypl,f98c5610-5d8c-0134-e971-00505686a51c,Longworth,New York,Manhattan,1821/22,,,1,,,,NYPL,"New York City directory, 1821-1822",
nypl,48f8b9e0-5d8e-0134-44fc-00505686a51c,Longworth,New York,Manhattan,1822/23,,,1,,,,NYPL,"New York City directory, 1822-1823",
nypl,f31ba0d0-5d92-0134-8d53-00505686a51c,Longworth,New York,Manhattan,1823/24,,,1,,,,NYPL,"New York City directory, 1823-1824",
nypl,a7c98cc0-5d93-0134-9b75-00505686a51c,Longworth,New York,Manhattan,1824/25,,,1,,,,NYPL,"New York City directory, 1824-1825",
nypl,ef865c70-5d93-0134-bcc0-00505686a51c,Longworth,New York,Manhattan,1825/26,,,1,,,,NYPL,"New York City directory, 1825-1826",
nypl,87529b60-5d94-0134-0240-00505686a51c,Longworth,New York,Manhattan,1826/27,,,1,,,,NYPL,"New York City directory, 1826-1827",
nypl,b81ef7e0-5d95-0134-75ca-00505686a51c,Longworth,New York,Manhattan,1827/28,,,1,,,,NYPL,"New York City directory, 1827-1828",
nypl,e98c4500-5d95-0134-bfdd-00505686a51c,Longworth,New York,Manhattan,1828/29,,,1,,,,NYPL,"New York City directory, 1828-1829",
nypl,1b097b90-5d96-0134-efb7-00505686a51c,Longworth,New York,Manhattan,1829/30,,,1,,,,NYPL,"New York City directory, 1829-1830",
nypl,28268fc0-5d97-0134-aa18-00505686a51c,Longworth,New York,Manhattan,1830/31,,,1,,,,NYPL,"New York City directory, 1830-1831",
nypl,84b88960-5d97-0134-6ebd-00505686a51c,Longworth,New York,Manhattan,1831/32,,,1,,,,NYPL,"New York City directory, 1831-1832",
nypl,c98f4800-5d97-0134-419c-00505686a51c,Longworth,New York,Manhattan,1832/33,,,1,,,,NYPL,"New York City directory, 1832-1833",
nypl,225d0b00-5d98-0134-45dc-00505686a51c,Longworth,New York,Manhattan,1833/34,,,1,,,,NYPL,"New York City directory, 1833-1834",
nypl,0ef0f030-5d99-0134-220c-00505686a51c,Longworth,New York,Manhattan,1834/35,,,1,,,,NYPL,"New York City directory, 1834-1835",
nypl,528effc0-5d99-0134-8106-00505686a51c,Longworth,New York,Manhattan,1835/36,,,1,,,,NYPL,"New York City directory, 1835-1836",
nypl,4d9e2620-5d9b-0134-e53e-00505686a51c,Longworth,New York,Manhattan,1836/37,,,1,,,,NYPL,"New York City directory, 1836-1837",
nypl,7ec84510-5da4-0134-ac54-00505686a51c,Longworth,New York,Manhattan,1837/38,,,1,,,,NYPL,"New York City directory, 1837-1838",
nypl,4d646de0-5da6-0134-336d-00505686a51c,Longworth,New York,Manhattan,1838/39,,,1,,,,NYPL,"New York City directory, 1838-1839",
nypl,94d5dd20-5da6-0134-f972-00505686a51c,Longworth,New York,Manhattan,1839/40,,,1,,,,NYPL,"New York City directory, 1839-1840",
nypl,c80f2630-5da6-0134-753a-00505686a51c,Longworth,New York,Manhattan,1840/41,,,1,,,,NYPL,"New York City directory, 1840-1841",
nypl,32207cf0-5da7-0134-81f1-00505686a51c,Longworth,New York,Manhattan,1841/42,,,1,,,,NYPL,"New York City directory, 1841-1842",
nypl,8ca2a950-5da9-0134-c27c-00505686a51c,Doggett,New York,Manhattan,1842/43,,,2,,,5,NYPL,"New York City directory, 1842-1843","offset +5 constant (c117=p.112, c275=p.270); 2 col; visually sampled 2026-06-19"
nypl,5a28bac0-5da8-0134-b059-00505686a51c,Longworth,New York,Manhattan,1842/43,,,1,,,-9,NYPL,"New York City directory, 1842-1843","offset -9 constant (c226=p.235, c530=p.539); 1 col; visually sampled 2026-06-19"
nypl,33473cc0-5daa-0134-277e-00505686a51c,Doggett,New York,Manhattan,1843/44,,,2,,,,NYPL,"New York City directory, 1843-1844",
nypl,78102160-5daa-0134-5c20-00505686a51c,Doggett,New York,Manhattan,1844/45,,,2,,,,NYPL,"New York City directory, 1844-1845",
nypl,e5bb2290-5dab-0134-82d1-00505686a51c,Doggett,New York,Manhattan,1845/46,,,2,,,,NYPL,"New York City directory, 1845-1846",
nypl,5ba77660-5dac-0134-3427-00505686a51c,Groot & Elston,New York,Manhattan,1845/46,,,,,,,NYPL,"New York City directory, 1845-1846",
nypl,88fe6240-5dae-0134-9d93-00505686a51c,Doggett,New York,Manhattan,1846/47,,,2,,,17,NYPL,"New York City directory, 1846-1847","offset drifts +17->+29 (c159=p.142, c373=p.344); 2 col; visually sampled 2026-06-19"
nypl,eb9bd5e0-5daf-0134-edd5-00505686a51c,Doggett,New York,Manhattan,1848/49,,,2,,,,NYPL,"New York City directory, 1848-1849",
nypl,c4d5f810-3787-0137-e5a1-05dd649b72de,Doggett,New York,Manhattan,1851,,,2,,,,NYPL,"New York City directory, 1851",
nypl,a4b1de40-39a6-0136-d75d-7946cc2797cd,Doggett,New York,Manhattan,1854/55,,,2,,,3,NYPL,"New York City directory, 1854-1855","offset drifts +3->-3 (c294=p.291, c686=p.689); 2 col; visually sampled 2026-06-19"
nypl,bf529e00-6449-0137-6597-6bbbb43fc75b,Polk,New York,,1925,,,,,,,NYPL,"New York City (Manhattan and the Bronx) directory, 1925","covers Bronx, Manhattan"
nypl,b97ce630-644a-0137-0b6f-0fb82113de91,Manhattan & Bronx Directory Co.,New York,,1931,,,,,,,NYPL,"New York City (Manhattan and Bronx) directory, 1931","covers Bronx, Manhattan"
nypl,bc958330-63af-0137-d037-03db0a2a574b,Polk,New York,Staten Island,1933/34,,,,,,,NYPL,"Staten Island (Borough of Richmond) directory, Vol. 1, 1933-1934",
nypl,e9621e80-63b6-0137-ce16-0cdb3adbb8ea,Polk,New York,Brooklyn,1933/34,,,,,,,NYPL,"Brooklyn city directory, 1933-1934",
nypl,f60eb200-63b3-0137-0e33-6d8cb27f4437,Polk,New York,,1933/34,,,,,,,NYPL,"New York City (Queens and Staten Island) directory, 1933-1934","covers Queens, Staten Island"
nypl,c2afe390-6447-0137-72be-4f41c312305b,Polk,New York,,1933/34,,,,,,,NYPL,"New York City (Manhattan and Bronx) directory, 1933-1934","covers Bronx, Manhattan"
nypl,9bdf5bb0-9707-0135-88b5-1f24879c672a,NY Telephone Co.,New York,Bronx,1939/40,,,,,,,NYPL,"Bronx telephone directory, Winter 1939-1940","PHONEBOOK: telephone directory, not a city directory (separate model)"
nypl,0225be70-971e-0135-7e10-154fcf318c41,NY Telephone Co.,New York,Brooklyn,1939/40,,,,,,,NYPL,"Brooklyn telephone directory, Winter 1939-1940","PHONEBOOK: telephone directory, not a city directory (separate model)"
nypl,a3e21fd0-9721-0135-510d-434a2cd48063,NY Telephone Co.,New York,Queens,1939/40,,,,,,,NYPL,"Queens telephone directory, Winter 1939-1940","PHONEBOOK: telephone directory, not a city directory (separate model)"
nypl,49f33070-9723-0135-c07d-47d3dbe7cea0,NY Telephone Co.,New York,Staten Island,1939/40,,,,,,,NYPL,"Staten Island telephone directory, Winter 1939-1940","PHONEBOOK: telephone directory, not a city directory (separate model)"
nypl,eef84e90-971f-0135-60d9-714bc88411e9,NY Telephone Co.,New York,Manhattan,1940,,,,,,,NYPL,"Manhattan telephone Directory, 1940","PHONEBOOK: telephone directory, not a city directory (separate model)"
ia,trowsgeneraldire1915trow,Trow,New York,,1915,,,,,,,Internet Archive,"Trow's general directory of the boroughs of Manhattan and Bronx, city of New York","covers Bronx, Manhattan"
ia,trowsgeneraldire1917trow,Trow,New York,,1917,,,,,,,Internet Archive,"Trow's general directory of the boroughs of Manhattan and Bronx, city of New York","covers Bronx, Manhattan"
ia,trowsgenerald192223p1trow,Trow,New York,,1922/23,,,,,,,Internet Archive,"Trow's general directory of the boroughs of Manhattan and Bronx, city of New York, part 1","covers Bronx, Manhattan | part 1 of 2"
ia,trowsgenerald192223p2trow,Trow,New York,,1922/23,,,,,,,Internet Archive,"Trow's general directory of the boroughs of Manhattan and Bronx, city of New York, part 2","covers Bronx, Manhattan | part 2 of 2"
ia,1906BPL,Upington,New York,Brooklyn,1906,,,,,,,Internet Archive,"Upington's General Directory for the Borough of Brooklyn, City of New York, for the year 1906",
ia,1879BPL,,Brooklyn,Brooklyn,1879,,,,,,,Internet Archive,"Brooklyn City Directory for the year ending May 1, 1879",
ia,micro_IABROOKLYN_0013,,Brooklyn,Brooklyn,1836/37,,,,,,,Internet Archive,Brooklyn Directory for 1836-1837,
ia,micro_IABROOKLYN_0017,,Brooklyn,Brooklyn,1840/41,,,,,,,Internet Archive,Brooklyn Directory and Yearly Advertiser for 1840-1841,
ia,micro_IABROOKLYN_0021,,Brooklyn,Brooklyn,1845,,,,,,,Internet Archive,Brooklyn Alphabetical and Street Directory and Yearly Advertiser for 1845 & 1846,
ia,micro_IABROOKLYN_0028,Hearnes,Brooklyn,Brooklyn,1850/51,,,,,,,Internet Archive,Hearnes' Brooklyn City Directory for 1850-1851,
ia,micro_IABROOKLYN_0005,Spooner,Brooklyn,Brooklyn,1826,,,,,,,Internet Archive,Spooner's Brooklyn Directory for the year 1826,
ia,newyorkcityincl1917newy_1,,New York,,1917,,,,,,,Internet Archive,New York City (including all boroughs) Telephone Directory,PHONEBOOK; sampled 2026-06-19 — canvases 0-11 = classified business ad sections; listing pages (frames 147/344) = 4-5 narrow cols with embedded ads (Donnelley-style telephone directory); NOT residential persons format
ia,brooklynqueenss1927newy_0,,New York,,1927,,,,,,,Internet Archive,"Brooklyn, Queens, Staten Island; New York City Telephone Directory",PHONEBOOK
ia,brooklynnewyorkc1932newy,,New York,,1932,,,,,,,Internet Archive,"Brooklyn, New York City, Telephone Directory",PHONEBOOK
ia,brooklynnewyorkc1937newy,,New York,,1937,,,,,,,Internet Archive,"Brooklyn, New York City, Telephone Directory",PHONEBOOK
ia,brooklynnewyorkc1944newy,,New York,,1944,,,,,,,Internet Archive,"Brooklyn, New York City, Telephone Directory",PHONEBOOK
ia,brooklynqueenss1926newy_0,,New York,,1926,,,,,,,Internet Archive,"Brooklyn, Queens, Staten Island; New York City Telephone Directory",PHONEBOOK
ia,brooklynqueensst1928newy,,New York,,1928,,,,,,,Internet Archive,"Brooklyn, Queens, Staten Island; New York City Telephone Directory",PHONEBOOK
ia,1885BPL,Lain,Brooklyn,Brooklyn,1884/85,1,,2,,1,0,Internet Archive,"Lain's Brooklyn City Directory, 1884 - 85",
ia,1864BPL,,Brooklyn,Brooklyn,1864,,,,,,,Internet Archive,"Brooklyn City Directory for the year ending May 1, 1864",
ia,1875BPL,,Brooklyn,Brooklyn,1875,,,,,,,Internet Archive,"Brooklyn City and Business Directory for the year ending May 1, 1875",
ia,micro_IABROOKLYN_0012,,Brooklyn,Brooklyn,1835/36,,,,,,,Internet Archive,Brooklyn Directory for 1835-1836,
ia,micro_IABROOKLYN_0014,,Brooklyn,Brooklyn,1837/38,,,,,,,Internet Archive,Brooklyn Directory for the years 1837-1838,
ia,micro_IABROOKLYN_0022,,Brooklyn,Brooklyn,1845,,,,,,,Internet Archive,Brooklyn City Directory for 1845 and 1846,
ia,1886BPL,Lain,Brooklyn,Brooklyn,1886,,,,,,,Internet Archive,"Lain's Brooklyn Directory for the year ending May 1, 1886",
ia,micro_IABROOKLYN_0002,Spooner,Brooklyn,Brooklyn,1823,,,,,,,Internet Archive,Spooner's Brooklyn Directory for the year 1823,
ia,micro_IABROOKLYN_0011,,Brooklyn,Brooklyn,1834/35,,,,,,,Internet Archive,Brooklyn Directory for 1834-1835,
ia,micro_IABROOKLYN_0026,,Brooklyn,Brooklyn,1848/49,,,,,,,Internet Archive,Brooklyn City Directory and Annual Advertiser for 1848-1849,
ia,micro_IABROOKLYN_0042,,Brooklyn,Brooklyn,1860,,,,,,,Internet Archive,"The Brooklyn City Directory for the year ending May 1st, 1861",
ia,micro_IABROOKLYN_0044,Reynolds,Williamsburgh,Brooklyn,1850/51,,,,,,,Internet Archive,"Reynolds' Williamsburgh Directory, Village Register and Business Advertiser for 1850-1851",
ia,brooklynnewyork1943reub_0,,New York,,1943,,,,,,,Internet Archive,"Brooklyn, New York City, Classified Telephone Directory",PHONEBOOK
ia,brooklynnewyorkc1942reub,,New York,,1942,,,,,,,Internet Archive,"Brooklyn, New York City, Classified Telephone Directory",PHONEBOOK
ia,newyorkcityinclu1910newy,,New York,,1910,,,,,,,Internet Archive,New York City (including all boroughs) Telephone Directory,PHONEBOOK
ia,newyorkcityinclu1914newy,,New York,,1914,,,,,,,Internet Archive,New York City (including all boroughs) Telephone Directory,PHONEBOOK
ia,micro_IABROOKLYN_0038,,Brooklyn,Brooklyn,1858/59,,,,,,,Internet Archive,Brooklyn Business Directory 1858-1859,
ia,micro_IABROOKLYN_0035,Hope & Henderson,Brooklyn,Brooklyn,1856/57,,,,,,,Internet Archive,Hope & Henderson's (Consolidated) Brooklyn City Directory for 1856-1857,
ia,newyorkcityincl1915newy_1,,New York,,1915,,,,,,,Internet Archive,New York City (including all boroughs) Telephone Directory,PHONEBOOK
ia,micro_IABROOKLYN_0007,,Brooklyn,Brooklyn,1830,,,,,,,Internet Archive,Brooklyn Directory for the year 1830,
ia,micro_IABROOKLYN_0025,,Brooklyn,Brooklyn,1848/49,,,,,,,Internet Archive,Brooklyn Directory and Yearly Advertiser for 1848-1849,
ia,newyorkcityincl1915newy_0,,New York,,1915,,,,,,,Internet Archive,New York City (including all boroughs) Telephone Directory,PHONEBOOK
ia,newyorkcityinclu1915newy,,New York,,1915,,,,,,,Internet Archive,New York City (including all boroughs) Telephone Directory,PHONEBOOK
ia,1869BPL,,Brooklyn,Brooklyn,1869,,,,,,,Internet Archive,"Brooklyn City and Business Directory for the year ending May 1, 1869",
ia,1902BPL,Upington,Brooklyn,Brooklyn,1902,,,,,,,Internet Archive,"Upington's General Directory of Brooklyn, New York City, for the year 1902",
ia,micro_IABROOKLYN_0004,Spooner,Brooklyn,Brooklyn,1825,,,,,,,Internet Archive,Spooner's Brooklyn Directory for the year 1825,
ia,micro_IABROOKLYN_0047,Reynolds,Williamsburgh,Brooklyn,1853,,,,,,,Internet Archive,Reynolds' Williamsburgh City Directory and Business Advertiser for 1853,
ia,newyorkcitytelep1925newy,,New York,,1925,,,,,,,Internet Archive,New York City Telephone Directory; Brooklyn-Queens and Staten Island,PHONEBOOK
ia,micro_IABROOKLYN_0041,Boyd,Brooklyn,Brooklyn,1860,,,,,,,Internet Archive,Boyd's Brooklyn Business Directory 1860,
ia,brooklynnewyorkc1931reub,,New York,,1931,,,,,,,Internet Archive,"Brooklyn, New York City, Classified Telephone Directory",PHONEBOOK
ia,1863BPL,,Brooklyn,Brooklyn,1863,,,,,,,Internet Archive,"Brooklyn City Directory for the year ending May 1, 1863",
ia,1889BPL,Lain,Brooklyn,Brooklyn,1889,,,,,,,Internet Archive,"Lain's Brooklyn Directory for the year ending May 1, 1889",
ia,newyorkcitytele1925newy_0,,New York,,1925,,,,,,,Internet Archive,New York City Telephone Directory; Brooklyn-Queens and Staten Island,PHONEBOOK
ia,1903BPL,Upington,Brooklyn,Brooklyn,1903,,,,,,,Internet Archive,"Upington's General Directory of Brooklyn, New York City, for the year 1903",
ia,newyorkcityincl1910newy_0,,New York,,1910,,,,,,,Internet Archive,New York City (including all boroughs) Telephone Directory,PHONEBOOK
ia,newyorkcityinclu1920newy,,New York,,1920,,,,,,,Internet Archive,New York City (including all boroughs) Telephone Directory,PHONEBOOK
ia,brooklynnewyork1938reub_0,,New York,,1938,,,,,,,Internet Archive,"Brooklyn, New York City, Classified Telephone Directory",PHONEBOOK
ia,micro_IABROOKLYN_0043,,Williamsburgh,Brooklyn,1849/50,,,,,,,Internet Archive,"Williamsburgh Directory, Register, and Yearly Advertiser for 1849-1850",
ia,1883BPL,,Brooklyn,Brooklyn,1883,,,,,,,Internet Archive,Brooklyn Directory for the year ending May 1883,
ia,1907BPL,Upington,New York,Brooklyn,1907,,,,,,,Internet Archive,"Upington's General Directory of the Borough of Brooklyn, City of New York, for the year 1907",
ia,1899xBPL,Lain,Brooklyn,Brooklyn,1899,,,,,,,Internet Archive,"Lain & Healy's Brooklyn Directory for the year ending May 1, 1899",
ia,1868BPL,,Brooklyn,Brooklyn,1868,,,,,,,Internet Archive,"Brooklyn City Directory for the year ending May 1, 1868",
ia,1867BPL,,Brooklyn,Brooklyn,1867,,,,,,,Internet Archive,"Brooklyn City Directory for the year ending May 1, 1867",
ia,newyorkcityinclu1917newy,,New York,,1917,,,,,,,Internet Archive,New York City (including all boroughs) Telephone Directory,PHONEBOOK
ia,1884BPL,Lain,Brooklyn,Brooklyn,1884,,,,,,,Internet Archive,"Lain's Brooklyn Directory for the year ending May 1, 1884",
ia,brooklynnewyork1930newy_0,,New York,,1930,,,,,,,Internet Archive,"Brooklyn, New York City, Telephone Directory",PHONEBOOK
ia,brooklynnewyork1936newy_0,,New York,,1936,,,,,,,Internet Archive,"Brooklyn, New York City, Telephone Directory",PHONEBOOK
ia,brooklynnewyork1947newy_0,,New York,,1947,,,,,,,Internet Archive,"Brooklyn, New York City, Telephone Directory",PHONEBOOK
ia,brooklynnewyorkc1956newy,,New York,,1956,,,,,,,Internet Archive,"Brooklyn, New York City, Telephone Directory",PHONEBOOK
ia,micro_IABROOKLYN_0024,,Brooklyn,Brooklyn,1847,,,,,,,Internet Archive,Brooklyn Directory and Yearly Advertiser for 1847 & 1848,
ia,micro_IABROOKLYN_0023,,Brooklyn,Brooklyn,1846,,,,,,,Internet Archive,Brooklyn Directory and Yearly Advertiser for 1846 & 1847,
ia,brooklynnewyork1929newy_0,,New York,,1929,,,,,,,Internet Archive,"Brooklyn, New York City, Telephone Directory",PHONEBOOK
ia,brooklynnewyork1935reub_0,,New York,,1935,,,,,,,Internet Archive,"Brooklyn, New York City, Classified Telephone Directory",PHONEBOOK
ia,newyorkcityincl1920newy_0,,New York,,1920,,,,,,,Internet Archive,New York City (including all boroughs) Telephone Directory,PHONEBOOK
ia,newyorkcityinclu1909newy,,New York,,1909,,,,,,,Internet Archive,New York City (including all boroughs) Telephone Directory,PHONEBOOK
ia,micro_IABROOKLYN_0001,Spooner,Brooklyn,Brooklyn,1822,,,,,,,Internet Archive,Spooner's Brooklyn Directory for the year 1822,
ia,micro_IABROOKLYN_0032,Hearnes,Brooklyn,Brooklyn,1854/55,,,,,,,Internet Archive,Hearnes' Brooklyn City Directory for 1854-1855,
ia,1865BPL,,Brooklyn,Brooklyn,1865,,,,,,,Internet Archive,"Brooklyn City Directory for the year ending May 1, 1865",
ia,micro_IABROOKLYN_0046,Reynolds,Williamsburgh,Brooklyn,1852,,,,,,,Internet Archive,Reynolds' Williamsburgh City Directory and Business Advertiser for 1852,
ia,micro_IABROOKLYN_0030,Hearnes,Brooklyn,Brooklyn,1852/53,,,,,,,Internet Archive,Hearnes' Brooklyn City Directory for 1852-1853,
ia,micro_IABROOKLYN_0008,,Brooklyn,Brooklyn,1831,,,,,,,Internet Archive,Brooklyn Directory for the year 1831,
ia,micro_IABROOKLYN_0020,,Brooklyn,Brooklyn,1844,,,,,,,Internet Archive,Brooklyn Alphabetical and Street Directory and Yearly Advertiser for 1844 & 1845,
ia,1856BPL,Smith,Brooklyn,Brooklyn,1856,,,,,,,Internet Archive,"Smith's Brooklyn Directory for the year ending May 1, 1856",
ia,1878BPL,,Brooklyn,Brooklyn,1878,,,,,,,Internet Archive,"Brooklyn City Directory for the year ending May 1, 1878",
ia,1904BPL,Upington,Brooklyn,Brooklyn,1904,,,,,,,Internet Archive,"Upington's General Directory of Brooklyn, New York City, for the year 1904",
ia,micro_IABROOKLYN_0009,,Brooklyn,Brooklyn,1832/33,,,,,,,Internet Archive,Brooklyn Directory for 1832-1833,
ia,micro_IABROOKLYN_0027,,Brooklyn,Brooklyn,1849,,,,,,,Internet Archive,Brooklyn Directory and Yearly Register for 1849 & 1850,
ia,1866BPL,,Brooklyn,Brooklyn,1866,,,,,,,Internet Archive,"Brooklyn City Directory for the year ending May 1, 1866",
ia,1871BPL,,Brooklyn,Brooklyn,1871,,,,,,,Internet Archive,"Brooklyn City and Business Directory for the year ending May 1, 1871",
ia,1858BPL,,Brooklyn,Brooklyn,1858,,,,,,,Internet Archive,"Brooklyn City Directory, for the year ending May 1, 1858",
ia,brooklynnewyorkc1929reub,,New York,,1929,,,,,,,Internet Archive,"Brooklyn, New York City, Classified Telephone Directory",PHONEBOOK
ia,brooklynnewyorkc1943reub,,New York,,1943,,,,,,,Internet Archive,"Brooklyn, New York City, Classified Telephone Directory",PHONEBOOK
ia,donnelleysredbo1927reub_0,Donnelley,New York,,1927,,,,,,,Internet Archive,Donnelley's Red Book Classified Telephone Directory; Queens,PHONEBOOK
ia,micro_IABROOKLYN_0036,Smith,Brooklyn,Brooklyn,1856,,,,,,,Internet Archive,"Smith's Brooklyn City Directory for the year ending May 1st, 1857",
ia,brooklynnewyorkc1938newy,,New York,,1938,,,,,,,Internet Archive,"Brooklyn, New York City, Telephone Directory",PHONEBOOK
ia,brooklynnewyorkc1938reub,,New York,,1938,,,,,,,Internet Archive,"Brooklyn, New York City, Classified Telephone Directory",PHONEBOOK
ia,brooklynnewyorkc1939reub,,New York,,1939,,,,,,,Internet Archive,"Brooklyn, New York City, Classified Telephone Directory",PHONEBOOK
ia,brooklynnewyorkc1947newy,,New York,,1947,,,,,,,Internet Archive,"Brooklyn, New York City, Telephone Directory",PHONEBOOK
ia,brooklynnewyorkc1961newy,,New York,,1961,,,,,,,Internet Archive,"Brooklyn, New York City, Telephone Directory",PHONEBOOK
ia,brooklynnewyorkc1962newy,,New York,,1962,,,,,,,Internet Archive,"Brooklyn, New York City, Telephone Directory",PHONEBOOK
ia,brooklynnewyork1941reub_0,,New York,,1941,,,,,,,Internet Archive,"Brooklyn, New York City, Classified Telephone Directory",PHONEBOOK
ia,brooklynnewyork1946newy_0,,New York,,1946,,,,,,,Internet Archive,"Brooklyn, New York City, Telephone Directory",PHONEBOOK
ia,brooklynnewyorkc1930newy,,New York,,1930,,,,,,,Internet Archive,"Brooklyn, New York City, Telephone Directory",PHONEBOOK
ia,brooklynnewyorkc1949newy,,New York,,1949,,,,,,,Internet Archive,"Brooklyn, New York City, Telephone Directory",PHONEBOOK
ia,brooklynnewyorkc1960newy,,New York,,1960,,,,,,,Internet Archive,"Brooklyn, New York City, Telephone Directory",PHONEBOOK
ia,brooklynnewyorkc1964newy,,New York,,1964,,,,,,,Internet Archive,"Brooklyn, New York City, Telephone Directory",PHONEBOOK
ia,brooklynnewyork1936reub_0,,New York,,1936,,,,,,,Internet Archive,"Brooklyn, New York City, Classified Telephone Directory",PHONEBOOK
ia,brooklynnewyork1938reub_1,,New York,,1938,,,,,,,Internet Archive,"Brooklyn, New York City, Classified Telephone Directory",PHONEBOOK
ia,brooklynnewyorkc1934reub,,New York,,1934,,,,,,,Internet Archive,"Brooklyn, New York City, Classified Telephone Directory",PHONEBOOK
ia,brooklynnewyorkc1940reub,,New York,,1940,,,,,,,Internet Archive,"Brooklyn, New York City, Classified Telephone Directory",PHONEBOOK
ia,brooklynnewyorkc1943newy,,New York,,1943,,,,,,,Internet Archive,"Brooklyn, New York City, Telephone Directory",PHONEBOOK
ia,brooklynnewyorkc1945newy,,New York,,1945,,,,,,,Internet Archive,"Brooklyn, New York City, Telephone Directory",PHONEBOOK
ia,1880BPL,,Brooklyn,Brooklyn,1880,,,,,,,Internet Archive,"Brooklyn City and Business Directory for the year ending May 1, 1880",
ia,micro_IABROOKLYN_0016,,Brooklyn,Brooklyn,1839/40,,,,,,,Internet Archive,Brooklyn Directory for the years 1839-1840,
ia,micro_IABROOKLYN_0015,,Brooklyn,Brooklyn,1838/39,,,,,,,Internet Archive,Brooklyn Directory for the years 1838-1839,
ia,micro_IABROOKLYN_0037,,Brooklyn,Brooklyn,1857,,,,,,,Internet Archive,"The Brooklyn City Directory (Consolidated) for the year ending May 1st, 1858",
ia,donnelleysredboo1928reub,Donnelley,New York,,1928,,,,,,,Internet Archive,Donnelley's Red Book Classified Telephone Directory; Brooklyn,PHONEBOOK
ia,brooklynnewyork1931reub_0,,New York,,1931,,,,,,,Internet Archive,"Brooklyn, New York City, Classified Telephone Directory",PHONEBOOK
ia,brooklynnewyork1932reub_0,,New York,,1932,,,,,,,Internet Archive,"Brooklyn, New York City, Classified Telephone Directory",PHONEBOOK
ia,brooklynnewyork1945newy_0,,New York,,1945,,,,,,,Internet Archive,"Brooklyn, New York City, Telephone Directory",PHONEBOOK
ia,brooklynnewyork1957newy_0,,New York,,1957,,,,,,,Internet Archive,"Brooklyn, New York City, Telephone Directory",PHONEBOOK
ia,brooklynnewyorkc1954newy,,New York,,1954,,,,,,,Internet Archive,"Brooklyn, New York City, Telephone Directory",PHONEBOOK
ia,brooklynnewyork1940newy_0,,New York,,1940,,,,,,,Internet Archive,"Brooklyn, New York City, Telephone Directory",PHONEBOOK
ia,brooklynnewyorkc1929newy,,New York,,1929,,,,,,,Internet Archive,"Brooklyn, New York City, Telephone Directory",PHONEBOOK
ia,brooklynnewyorkc1931newy,,New York,,1931,,,,,,,Internet Archive,"Brooklyn, New York City, Telephone Directory",PHONEBOOK
ia,brooklynnewyorkc1934newy,,New York,,1934,,,,,,,Internet Archive,"Brooklyn, New York City, Telephone Directory",PHONEBOOK
ia,brooklynnewyorkc1946newy,,New York,,1946,,,,,,,Internet Archive,"Brooklyn, New York City, Telephone Directory",PHONEBOOK
ia,brooklynnewyorkc1967newy,,New York,,1967,,,,,,,Internet Archive,"Brooklyn, New York City, Telephone Directory",PHONEBOOK
ia,brooklynnewyork1931newy_0,,New York,,1931,,,,,,,Internet Archive,"Brooklyn, New York City, Telephone Directory",PHONEBOOK
ia,brooklynnewyork1937newy_0,,New York,,1937,,,,,,,Internet Archive,"Brooklyn, New York City, Telephone Directory",PHONEBOOK
ia,brooklynnewyork1939newy_1,,New York,,1939,,,,,,,Internet Archive,"Brooklyn, New York City, Telephone Directory",PHONEBOOK
ia,brooklynnewyork1940reub_0,,New York,,1940,,,,,,,Internet Archive,"Brooklyn, New York City, Classified Telephone Directory",PHONEBOOK
ia,brooklynnewyorkc1932reub,,New York,,1932,,,,,,,Internet Archive,"Brooklyn, New York City, Classified Telephone Directory",PHONEBOOK
ia,brooklynnewyorkc1936newy,,New York,,1936,,,,,,,Internet Archive,"Brooklyn, New York City, Telephone Directory",PHONEBOOK
ia,brooklynnewyorkc1942newy,,New York,,1942,,,,,,,Internet Archive,"Brooklyn, New York City, Telephone Directory",PHONEBOOK
ia,brooklynnewyorkc1955newy,,New York,,1955,,,,,,,Internet Archive,"Brooklyn, New York City, Telephone Directory",PHONEBOOK
ia,brooklynnewyork1932newy_0,,New York,,1932,,,,,,,Internet Archive,"Brooklyn, New York City, Telephone Directory",PHONEBOOK
ia,brooklynnewyork1934newy_0,,New York,,1934,,,,,,,Internet Archive,"Brooklyn, New York City, Telephone Directory",PHONEBOOK
ia,brooklynnewyork1935newy_0,,New York,,1935,,,,,,,Internet Archive,"Brooklyn, New York City, Telephone Directory",PHONEBOOK
ia,brooklynnewyork1942newy_0,,New York,,1942,,,,,,,Internet Archive,"Brooklyn, New York City, Telephone Directory",PHONEBOOK
ia,brooklynnewyorkc1933reub,,New York,,1933,,,,,,,Internet Archive,"Brooklyn, New York City, Classified Telephone Directory",PHONEBOOK
ia,brooklynnewyorkc1935reub,,New York,,1935,,,,,,,Internet Archive,"Brooklyn, New York City, Classified Telephone Directory",PHONEBOOK
ia,brooklynnewyork1944newy_0,,New York,,1944,,,,,,,Internet Archive,"Brooklyn, New York City, Telephone Directory",PHONEBOOK
ia,brooklynnewyorkc1936reub,,New York,,1936,,,,,,,Internet Archive,"Brooklyn, New York City, Classified Telephone Directory",PHONEBOOK
ia,brooklynqueensst1926newy,,New York,,1926,,,,,,,Internet Archive,"Brooklyn, Queens, Staten Island; New York City Telephone Directory",PHONEBOOK
ia,brooklynqueensst1927newy,,New York,,1927,,,,,,,Internet Archive,"Brooklyn, Queens, Staten Island; New York City Telephone Directory",PHONEBOOK
ia,brooklynnewyorkc1941reub,,New York,,1940,,,,,,,Internet Archive,"Brooklyn, New York City, Classified Telephone Directory",PHONEBOOK
ia,brooklynnewyorkc1950newy,,New York,,1950,,,,,,,Internet Archive,"Brooklyn, New York City, Telephone Directory",PHONEBOOK
ia,brooklynnewyorkc1952newy,,New York,,1952,,,,,,,Internet Archive,"Brooklyn, New York City, Telephone Directory",PHONEBOOK
ia,brooklynnewyorkc1958newy,,New York,,1958,,,,,,,Internet Archive,"Brooklyn, New York City, Telephone Directory",PHONEBOOK
ia,brooklynnewyorkc1937reub,,New York,,1937,,,,,,,Internet Archive,"Brooklyn, New York City, Classified Telephone Directory",PHONEBOOK
ia,brooklynnewyorkc1957newy,,New York,,1957,,,,,,,Internet Archive,"Brooklyn, New York City, Telephone Directory",PHONEBOOK
ia,brooklynnewyorkc1959newy,,New York,,1959,,,,,,,Internet Archive,"Brooklyn, New York City, Telephone Directory",PHONEBOOK
ia,brooklynnewyork1939newy_0,,New York,,1939,,,,,,,Internet Archive,"Brooklyn, New York City, Telephone Directory",PHONEBOOK
ia,brooklynnewyork1943newy_0,,New York,,1943,,,,,,,Internet Archive,"Brooklyn, New York City, Telephone Directory",PHONEBOOK
ia,brooklynnewyorkc1966newy,,New York,,1966,,,,,,,Internet Archive,"Brooklyn, New York City, Telephone Directory",PHONEBOOK
ia,newyorkcityincl1910newy_1,,New York,,1910,,,,,,,Internet Archive,New York City (including all boroughs) Telephone Directory,PHONEBOOK
ia,micro_IABROOKLYN_0018,,Brooklyn,Brooklyn,1841/42,,,,,,,Internet Archive,Brooklyn Alphabetical and Street Directory and Yearly Advertiser for 1841-1842,
ia,micro_IABROOKLYN_0003,Spooner,Brooklyn,Brooklyn,1824,,,,,,,Internet Archive,Spooner's Brooklyn Directory for the year 1824,
ia,micro_IABROOKLYN_0010,,Brooklyn,Brooklyn,1833/34,,,,,,,Internet Archive,Brooklyn Directory for 1833-1834,
ia,newyorkcityincl1914newy_0,,New York,,1914,,,,,,,Internet Archive,New York City (including all boroughs) Telephone Directory,PHONEBOOK
ia,newyorkcityincl1917newy_0,,New York,,1917,,,,,,,Internet Archive,New York City (including all boroughs) Telephone Directory,PHONEBOOK
ia,newyorkcitytelep1924newy,,New York,,1924,,,,,,,Internet Archive,New York City Telephone Directory; Brooklyn-Queens and Staten Island,PHONEBOOK
ia,donnelleysredbo1928reub_0,Donnelley,New York,,1928,,,,,,,Internet Archive,Donnelley's Red Book Classified Telephone Directory; Queens,PHONEBOOK
ia,donnelleysredboo1927reub,Donnelley,New York,,1927,,,,,,,Internet Archive,Donnelley's Red Book Classified Telephone Directory; Brooklyn,PHONEBOOK
ia,1887BPL,Lain,Brooklyn,Brooklyn,1887,,,,,,,Internet Archive,"Lain's Brooklyn Directory for the year ending May 1, 1887",
ia,1897BPL,Lain,Brooklyn,Brooklyn,1897,,,,,,,Internet Archive,"Lain & Healy's Brooklyn Directory for the year ending May 1, 1897",REVIEW: matches held-out eval signature — keep OUT of harvest set or confirm
ia,1862BPL,,Brooklyn,Brooklyn,1862,,,,,,,Internet Archive,"Brooklyn City Directory for the year ending May 1, 1862",
ia,brooklynnewyorkc1935newy,,New York,,1935,,,,,,,Internet Archive,"Brooklyn, New York City, Telephone Directory",PHONEBOOK
ia,brooklynnewyorkc1941newy,,New York,,1941,,,,,,,Internet Archive,"Brooklyn, New York City, Telephone Directory",PHONEBOOK
ia,brooklynnewyorkc1951newy,,New York,,1951,,,,,,,Internet Archive,"Brooklyn, New York City, Telephone Directory",PHONEBOOK
ia,brooklynnewyorkc1953newy,,New York,,1953,,,,,,,Internet Archive,"Brooklyn, New York City, Telephone Directory",PHONEBOOK
ia,brooklynnewyorkc1963newy,,New York,,1963,,,,,,,Internet Archive,"Brooklyn, New York City, Telephone Directory",PHONEBOOK
ia,brooklynnewyorkc1965newy,,New York,,1965,,,,,,,Internet Archive,"Brooklyn, New York City, Telephone Directory",PHONEBOOK
ia,brooklynnewyork1937reub_0,,New York,,1937,,,,,,,Internet Archive,"Brooklyn, New York City, Classified Telephone Directory",PHONEBOOK
ia,brooklynnewyork1938newy_0,,New York,,1938,,,,,,,Internet Archive,"Brooklyn, New York City, Telephone Directory",PHONEBOOK
ia,1908BPL,Upington,New York,Brooklyn,1908,,,,,,,Internet Archive,"Upington's General Directory of the Borough of Brooklyn, City of New York, for the year 1908",
ia,1857BPL,Smith,Brooklyn,Brooklyn,1857,,,,,,,Internet Archive,"Smith's Brooklyn Directory for the year ending May 1, 1857",
ia,1876BPL,,Brooklyn,Brooklyn,1876,,,,,,,Internet Archive,"The Brooklyn City and Business Directory for the year ending May 1, 1876",
ia,micro_IABROOKLYN_0034,Smith,Brooklyn,Brooklyn,1855,,,,,,,Internet Archive,"Smith's Brooklyn City Directory for the year ending May 1st, 1856",
ia,brooklynnewyork1942reub_0,,New York,,1942,,,,,,,Internet Archive,"Brooklyn, New York City, Classified Telephone Directory",PHONEBOOK
ia,brooklynnewyorkc1940newy,,New York,,1940,,,,,,,Internet Archive,"Brooklyn, New York City, Telephone Directory",PHONEBOOK
ia,micro_IABROOKLYN_0019,,Brooklyn,Brooklyn,1843,,,,,,,Internet Archive,Brooklyn Alphabetical and Street Directory and Yearly Advertiser for 1843 & 1844,
ia,brooklynnewyorkc1939newy,,New York,,1939,,,,,,,Internet Archive,"Brooklyn, New York City, Telephone Directory",PHONEBOOK
ia,micro_IABROOKLYN_0048,Reynolds,Williamsburgh,Brooklyn,1854,,,,,,,Internet Archive,Reynolds' Directory of the City of Williamsburgh and Business Advertiser for 1854,
ia,micro_IABROOKLYN_0031,Hearnes,Brooklyn,Brooklyn,1853/54,,,,,,,Internet Archive,Hearnes' Brooklyn City Directory for 1853-1854,
ia,micro_IABROOKLYN_0045,Reynolds,Williamsburgh,Brooklyn,1851/52,,,,,,,Internet Archive,"Reynolds' Williamsburgh Directory, Village Register and Business Advertiser for 1851-1852",
ia,micro_IABROOKLYN_0006,Spooner,Brooklyn,Brooklyn,1829,,,,,,,Internet Archive,Spooner's Brooklyn Directory for the year 1829,
ia,micro_IABROOKLYN_0039,,Brooklyn,Brooklyn,1858,,,,,,,Internet Archive,"The Brooklyn City Directory for the year ending May 1st, 1859",
ia,micro_IABROOKLYN_0033,Smith,Brooklyn,Brooklyn,1854,,,,,,,Internet Archive,Smith's Brooklyn City Directory for 1854 & 1855,
ia,micro_IABROOKLYN_0040,,Brooklyn,Brooklyn,1859,,,,,,,Internet Archive,"The Brooklyn Directory for the year ending May 1st, 1860",
ia,micro_IABROOKLYN_0029,Hearnes,Brooklyn,Brooklyn,1851/52,,,,,,,Internet Archive,Hearnes' Brooklyn City Directory for 1851-1852,
ia,brooklynalphabet1843unse,,Brooklyn,Brooklyn,1843,,,,,,,Internet Archive,"Brooklyn alphabetical and street directory, and yearly advertiser.",
ia,brooklyncitydire1848teal,,Brooklyn,Brooklyn,1848,,,,,,,Internet Archive,"Brooklyn city directory, and annual advertiser, for the years ...",
ia,doggettsnewyorkc1845dogg,Doggett,New York,Manhattan,1845,13,,2,,,,Internet Archive,"Doggett's New-York City directory, for ...",
ia,doggettsnewyorkc1846dogg,Doggett,New York,Manhattan,1846,,,2,,,,Internet Archive,"Doggett's New-York City directory, for ...",
ia,doggettsnewyorkc1847dogg,Doggett,New York,Manhattan,1847,,,2,,,6,Internet Archive,"Doggett's New-York City directory, for ...","offset +6->+8 ~const (jp2 158=p.152, 368=p.360); 2 col; visually sampled 2026-06-19"
ia,doggettsnewyorkc1848dogg,Doggett,New York,Manhattan,1848,,,2,,,,Internet Archive,"Doggett's New-York City directory, for ...",
ia,hearnesbrooklync1850unse,Hearnes,Brooklyn,Brooklyn,1850,,,,,,,Internet Archive,Hearnes' Brooklyn city directory for ...,
ia,hearnesbrooklync1852unse,Hearnes,Brooklyn,Brooklyn,1852,,,,,,,Internet Archive,Hearnes' Brooklyn city directory for ...,
ia,longworthsameric2618long,Longworth,New York,Manhattan,,,,1,,,,Internet Archive,"Longworth's American almanack, New-York register, and city directory: for the ... year of American independence.",year not in IA metadata (id code may = Nth yr of independence)
ia,longworthsameric3818long,Longworth,New York,Manhattan,,,,1,,,,Internet Archive,"Longworth's American almanack, New-York register, and city directory: for the ... year of American independence.",year not in IA metadata (id code may = Nth yr of independence)
ia,longworthsameric4018long,Longworth,New York,Manhattan,,,,1,,,,Internet Archive,"Longworth's American almanack, New-York register, and city directory: for the ... year of American independence.",year not in IA metadata (id code may = Nth yr of independence)
ia,longworthsameric4818long,Longworth,New York,Manhattan,,,,1,,,,Internet Archive,"Longworth's American almanack, New-York register, and city directory: for the ... year of American independence.",year not in IA metadata (id code may = Nth yr of independence)
ia,longworthsameric6018long,Longworth,New York,Manhattan,,,,1,,,,Internet Archive,"Longworth's American almanack, New-York register, and city directory: for the ... year of American independence.",year not in IA metadata (id code may = Nth yr of independence)
ia,longworthsameric6118long,Longworth,New York,Manhattan,,,,1,,,,Internet Archive,"Longworth's American almanack, New-York register, and city directory: for the ... year of American independence.",year not in IA metadata (id code may = Nth yr of independence)
ia,longworthsameric6518long,Longworth,New York,Manhattan,,,,1,,,,Internet Archive,"Longworth's American almanack, New-York register, and city directory: for the ... year of American independence.",year not in IA metadata (id code may = Nth yr of independence)
ia,merceinscitydire00merc,Mercein,New York,Manhattan,1820,,,,,,,Internet Archive,"Mercein's city directory, New-York register, and almanac, for the forty-fifth year of American independence. Containing, beside the list of duties, ba",
ia,newyorkbrooklynd00durs,,New York,,1786/96,,,,,,,Internet Archive,"New York and Brooklyn directory, 1786-1796","covers Brooklyn, Manhattan"
ia,newyorkcitydirec00rode,Rode,New York,Manhattan,1851,,,,,,,Internet Archive,"The New York City directory, for ..",
ia,newyorkdirectory00dunc,Duncan,New York,Manhattan,1794,,,,,,,Internet Archive,"New-York directory, and register, for the year 1794. Illustrated with a new and accurate plan of the city and part of Long-Island, exactly laid down,",
ia,newyorkdirectory00durs,,New York,Manhattan,1910,,,,,,,Internet Archive,New York directory.,year = IA catalog date (spine title only; publisher unidentified)
ia,newyorkdirectory00durs_0,Franks,New York,Manhattan,1786,,,1,,,,Internet Archive,New York directory : containing a valuable and well calculated almanack ... /,1874 F.B. Patterson reprint of the 1786 first edition (Durst/Avery); 3rd copy of the 1786 directory
ia,newyorkdirectory00fran,Franks,New York,Manhattan,1786,,,1,,,,Internet Archive,The New York directory for 1786,
ia,newyorkdirectory00fran_0,Franks,New York,Manhattan,1786,,,1,,,,Internet Archive,"New York directory for 1786,",
ia,trowsnewyorkcity1857trow,Trow,New York,Manhattan,1857,,,,,,,Internet Archive,Trow's New York city directory.,
ia,trowsnewyorkcity1859trow,Trow,New York,Manhattan,1859,,,,,,,Internet Archive,Trow's New York city directory.,
ia,trowsnewyorkcity1863trow,Trow,New York,Manhattan,1863,,,,,,,Internet Archive,Trow's New York city directory.,
ia,trowsnewyorkcity1876trow,Trow,New York,Manhattan,1876,,,,,,,Internet Archive,Trow's New York city directory.,
loc,01015253,Spooner,Brooklyn,Brooklyn,,,,,,,,Library of Congress,The Brooklyn city directory,serial (18--c1912); sampled volume = Lain 1881 (24th annual) - no persons listing page captured; resample needed
loc,96203733,Franks,New York,Manhattan,1786,,,1,,,,Library of Congress,"The New-York directory for 1786 : containing, a valuable and well calculated almanack, tables of the different coins",1876 Disturnell reprint; same work as IA newyorkdirectory00fran
ia,trowsgeneraldir1903p3trow,Trow,New York,,1903,,,,,,,Internet Archive,"Trow's general directory of the boroughs of Manhattan and Bronx, city of New York","covers Bronx, Manhattan | part 3"
ia,trowsgeneraldir1913p2trow,Trow,New York,,1913,,,,,,,Internet Archive,"Trow's general directory of the boroughs of Manhattan and Bronx, city of New York","covers Bronx, Manhattan | part 2"
ia,trowsgeneraldir1914p2trow,Trow,New York,,1914,,,,,,,Internet Archive,"Trow's general directory of the boroughs of Manhattan and Bronx, city of New York","covers Bronx, Manhattan | part 2"
ia,brooklynnewyor1912p3broo,,New York,Brooklyn,1912,,,,,,,Internet Archive,"Brooklyn, New York, city directory",part 3
ia,brooklynnewyorkc1906geor,,New York,Brooklyn,1906,,,,,,,Internet Archive,"Brooklyn, New York, city directory",
ia,trowsgeneraldir1908p3trow,Trow,New York,,1908,,,,,,,Internet Archive,"Trow's general directory of the boroughs of Manhattan and Bronx, city of New York","covers Bronx, Manhattan | part 3"
ia,trowsgeneraldire19131trow,Trow,New York,,1913,,,,,,,Internet Archive,"Trow's general directory of the boroughs of Manhattan and Bronx, city of New York","covers Bronx, Manhattan"
ia,trowsgeneraldir1908p2trow,Trow,New York,,1908,,,,,,,Internet Archive,"Trow's general directory of the boroughs of Manhattan and Bronx, city of New York","covers Bronx, Manhattan | part 2"
ia,trowsgeneraldir1912p2trow,Trow,New York,,1912,,,,,,,Internet Archive,"Trow's general directory of the boroughs of Manhattan and Bronx, city of New York","covers Bronx, Manhattan | part 2"
ia,trowsgeneraldir1911p3trow,Trow,New York,,1911,,,,,,,Internet Archive,"Trow's general directory of the boroughs of Manhattan and Bronx, city of New York","covers Bronx, Manhattan | part 3"
ia,trowsgeneraldire19091trow,Trow,New York,,1909,,,,,,,Internet Archive,"Trow's general directory of the boroughs of Manhattan and Bronx, city of New York","covers Bronx, Manhattan"
ia,trowsgeneraldir1904p3trow,Trow,New York,,1904,,,,,,,Internet Archive,"Trow's general directory of the boroughs of Manhattan and Bronx, city of New York","covers Bronx, Manhattan | part 3"
ia,trowsgeneraldir1906p3trow,Trow,New York,,1906,,,,,,,Internet Archive,"Trow's general directory of the boroughs of Manhattan and Bronx, city of New York","covers Bronx, Manhattan | part 3"
ia,trowsgeneraldir1907p3trow,Trow,New York,,1907,,,,,,,Internet Archive,"Trow's general directory of the boroughs of Manhattan and Bronx, city of New York","covers Bronx, Manhattan | part 3"
ia,trowsgeneraldir1910p1trow,Trow,New York,,1910,,,,,,,Internet Archive,"Trow's general directory of the boroughs of Manhattan and Bronx, city of New York","covers Bronx, Manhattan | part 1"
ia,brooklynnewyorkc1903geor,,New York,Brooklyn,1903,,,,,,,Internet Archive,"Brooklyn, New York, city directory",
ia,trowsgeneraldir1906p1trow,Trow,New York,,1906,,,,,,,Internet Archive,"Trow's general directory of the boroughs of Manhattan and Bronx, city of New York","covers Bronx, Manhattan | part 1"
ia,trowsgeneraldir1908p1trow,Trow,New York,,1908,,,,,,,Internet Archive,"Trow's general directory of the boroughs of Manhattan and Bronx, city of New York","covers Bronx, Manhattan | part 1"
ia,trowsgeneraldire1853trow,Trow,New York,,,,,,,,,Internet Archive,"Trow's general directory of the boroughs of Manhattan and Bronx, city of New York",REVIEW: IA year 1853 inconsistent with 'Manhattan & Bronx' title (postdates Bronx annexation) - verify edition
ia,longworthsameric1839newy,Longworth,New York,Manhattan,1839,,,1,,,6,Internet Archive,"Longworth's American almanac, New-York register and city directory",
ia,trowsgeneraldir1913p1trow,Trow,New York,,1913,,,,,,,Internet Archive,"Trow's general directory of the boroughs of Manhattan and Bronx, city of New York","covers Bronx, Manhattan | part 1"
ia,brooklynnewyorkc1909geor,,New York,Brooklyn,1909,,,,,,,Internet Archive,"Brooklyn, New York, city directory",
ia,brooklynnewyork1903p1geor,,New York,Brooklyn,1903,,,,,,,Internet Archive,"Brooklyn, New York, city directory",part 1
ia,trowsgeneraldir1904p1trow,Trow,New York,,1904,,,,,,,Internet Archive,"Trow's general directory of the boroughs of Manhattan and Bronx, city of New York","covers Bronx, Manhattan | part 1"
ia,trowsgeneraldir1909p3trow,Trow,New York,,1909,,,,,,,Internet Archive,"Trow's general directory of the boroughs of Manhattan and Bronx, city of New York","covers Bronx, Manhattan | part 3"
ia,trowsgeneraldir1910p2trow,Trow,New York,,1910,,,,,,,Internet Archive,"Trow's general directory of the boroughs of Manhattan and Bronx, city of New York","covers Bronx, Manhattan | part 2"
ia,trowsgeneraldir1914p3trow,Trow,New York,,1914,,,,,,,Internet Archive,"Trow's general directory of the boroughs of Manhattan and Bronx, city of New York","covers Bronx, Manhattan | part 3"
ia,trowsgeneraldire19032trow,Trow,New York,,1903,,,,,,,Internet Archive,"Trow's general directory of the boroughs of Manhattan and Bronx, city of New York","covers Bronx, Manhattan"
ia,flushingnewyork188586boyd,Boyd,Flushing,Queens,1885,,,1,,,15,Internet Archive,"Flushing, New York, city directory",page_offset +15 is persons section only; business section offset +64 (large ad insert between)
ia,brooklynnewyork1907p1geor,,New York,Brooklyn,1907,,,,,,,Internet Archive,"Brooklyn, New York, city directory",part 1
ia,brooklynnewyorkc1907geor,,New York,Brooklyn,1907,,,,,,,Internet Archive,"Brooklyn, New York, city directory",
ia,trowsgeneraldir1906p2trow,Trow,New York,,1906,,,,,,,Internet Archive,"Trow's general directory of the boroughs of Manhattan and Bronx, city of New York","covers Bronx, Manhattan | part 2"
ia,brooklynnewyork1908p1geor,,New York,Brooklyn,1908,,,,,,,Internet Archive,"Brooklyn, New York, city directory",part 1
ia,trowsgeneraldir1903p2trow,Trow,New York,,1903,,,,,,,Internet Archive,"Trow's general directory of the boroughs of Manhattan and Bronx, city of New York","covers Bronx, Manhattan | part 2"
ia,trowsgeneraldir1904p2trow,Trow,New York,,1904,,,,,,,Internet Archive,"Trow's general directory of the boroughs of Manhattan and Bronx, city of New York","covers Bronx, Manhattan | part 2"
ia,trowsgeneraldir1905p3trow,Trow,New York,,1905,,,,,,,Internet Archive,"Trow's general directory of the boroughs of Manhattan and Bronx, city of New York","covers Bronx, Manhattan | part 3"
ia,trowsgeneraldir1911p1trow,Trow,New York,,1911,,,,,,,Internet Archive,"Trow's general directory of the boroughs of Manhattan and Bronx, city of New York","covers Bronx, Manhattan | part 1"
ia,trowsgeneraldir1912p3trow,Trow,New York,,1912,,,,,,,Internet Archive,"Trow's general directory of the boroughs of Manhattan and Bronx, city of New York","covers Bronx, Manhattan | part 3"
ia,brooklynnewyorkc1905geor,,New York,Brooklyn,1905,,,,,,,Internet Archive,"Brooklyn, New York, city directory",
ia,brooklynnewyorkc1910geor,,New York,Brooklyn,1910,,,,,,,Internet Archive,"Brooklyn, New York, city directory",
ia,trowsgeneraldir1914p1trow,Trow,New York,,1914,,,,,,,Internet Archive,"Trow's general directory of the boroughs of Manhattan and Bronx, city of New York","covers Bronx, Manhattan | part 1"
ia,trowsgeneraldir1905p2trow,Trow,New York,,1905,,,,,,,Internet Archive,"Trow's general directory of the boroughs of Manhattan and Bronx, city of New York","covers Bronx, Manhattan | part 2"
ia,trowsgeneraldir1909p1trow,Trow,New York,,1909,,,,,,,Internet Archive,"Trow's general directory of the boroughs of Manhattan and Bronx, city of New York","covers Bronx, Manhattan | part 1"
ia,brooklynnewyorkc19062geor,,New York,Brooklyn,1906,,,,,,,Internet Archive,"Brooklyn, New York, city directory",
ia,trowsgeneraldir1907p1trow,Trow,New York,,1907,,,,,,,Internet Archive,"Trow's general directory of the boroughs of Manhattan and Bronx, city of New York","covers Bronx, Manhattan | part 1"
ia,trowsgeneraldir1907p2trow,Trow,New York,,1907,,,,,,,Internet Archive,"Trow's general directory of the boroughs of Manhattan and Bronx, city of New York","covers Bronx, Manhattan | part 2"
ia,trowsgeneraldir1910p3trow,Trow,New York,,1910,,,,,,,Internet Archive,"Trow's general directory of the boroughs of Manhattan and Bronx, city of New York","covers Bronx, Manhattan | part 3"
ia,longworthsameric1798newy,Longworth,New York,Manhattan,1798,,,1,,,,Internet Archive,"Longworth's American almanac, New-York register and city directory",
ia,brooklynnewyorkc00geor,,New York,Brooklyn,1906,,,,,,,Internet Archive,"Brooklyn, New York, city directory",
ia,brooklynnewyorkc19031geor,,New York,Brooklyn,1903,,,,,,,Internet Archive,"Brooklyn, New York, city directory",
ia,flushingnewyorkc00boyd,Boyd,Flushing,Queens,1890,,,,,,,Internet Archive,"Flushing, New York, city directory",
ia,longworthsameric00newy,Longworth,New York,Manhattan,1816,,,1,,,,Internet Archive,"Longworth's American almanac, New-York register and city directory",
ia,brooklynnewyork1905p1geor,,New York,Brooklyn,1905,,,,,,,Internet Archive,"Brooklyn, New York, city directory",part 1
ia,brooklynnewyork1910p2geor,,New York,Brooklyn,1910,,,,,,,Internet Archive,"Brooklyn, New York, city directory",part 2
ia,brooklynnewyorkc19123broo,,New York,Brooklyn,1912,,,,,,,Internet Archive,"Brooklyn, New York, city directory",
ia,brooklynnewyorkc1904geor,,New York,Brooklyn,1904,,,,,,,Internet Archive,"Brooklyn, New York, city directory",
ia,brooklynnewyork1904p1geor,,New York,Brooklyn,1904,,,,,,,Internet Archive,"Brooklyn, New York, city directory",part 1
ia,brooklynnewyork1909p1geor,,New York,Brooklyn,1909,,,,,,,Internet Archive,"Brooklyn, New York, city directory",part 1
ia,brooklynnewyorkc1908geor,,New York,Brooklyn,1908,,,,,,,Internet Archive,"Brooklyn, New York, city directory",
ia,trowsgeneraldir1912p1trow,Trow,New York,,1912,,,,,,,Internet Archive,"Trow's general directory of the boroughs of Manhattan and Bronx, city of New York","covers Bronx, Manhattan | part 1"
ia,trowsgeneraldire19073trow,Trow,New York,,1907,,,,,,,Internet Archive,"Trow's general directory of the boroughs of Manhattan and Bronx, city of New York","covers Bronx, Manhattan"
ia,brooklynnewyorkc1912broo,,New York,Brooklyn,1912,,,,,,,Internet Archive,"Brooklyn, New York, city directory",
ia,brooklyndirector00ogde,Ogden,Brooklyn,Brooklyn,1839,,,,,,,Internet Archive,"Brooklyn directory, for the years 1839-40",
ia,trowsgeneraldir1905p1trow,Trow,New York,,1905,,,,,,,Internet Archive,"Trow's general directory of the boroughs of Manhattan and Bronx, city of New York","covers Bronx, Manhattan | part 1"
ia,brooklynnewyorkc00broo,,New York,Brooklyn,1912,,,,,,,Internet Archive,"Brooklyn, New York, city directory",
ia,trowsgeneraldir1903p1trow,Trow,New York,,1903,,,,,,,Internet Archive,"Trow's general directory of the boroughs of Manhattan and Bronx, city of New York","covers Bronx, Manhattan | part 1"
ia,trowsgeneraldir1908p4trow,Trow,New York,,1908,,,,,,,Internet Archive,"Trow's general directory of the boroughs of Manhattan and Bronx, city of New York","covers Bronx, Manhattan | part 4"
ia,trowsgeneraldir1909p2trow,Trow,New York,,1909,,,,,,,Internet Archive,"Trow's general directory of the boroughs of Manhattan and Bronx, city of New York","covers Bronx, Manhattan | part 2"
ia,trowsgeneraldir1911p2trow,Trow,New York,,1911,,,,,,,Internet Archive,"Trow's general directory of the boroughs of Manhattan and Bronx, city of New York","covers Bronx, Manhattan | part 2"
ia,trowsgeneraldir1913p3trow,Trow,New York,,1913,,,,,,,Internet Archive,"Trow's general directory of the boroughs of Manhattan and Bronx, city of New York","covers Bronx, Manhattan | part 3"
ia,flushingnewyork189192boyd,Boyd,Flushing,Queens,1891,,,,,,,Internet Archive,"Flushing, New York, city directory",
ia,longworthsameric1813newy,Longworth,New York,Manhattan,1813,,,1,,,,Internet Archive,"Longworth's American almanac, New-York register and city directory",
ia,longworthsameric1826newy,Longworth,New York,Manhattan,1826,,,1,,,,Internet Archive,"Longworth's American almanac, New-York register and city directory",
ia,trowsgeneraldire19142trow,Trow,New York,,1914,,,,,,,Internet Archive,"Trow's general directory of the boroughs of Manhattan and Bronx, city of New York","covers Bronx, Manhattan"
